kernels,baseline,linalg,linalg_xdsl,snitch_stream,snrt,min_llvm_mlir
conv2d_d1_s1_3x3 12x12xf64,5974,,2523,,,5974
conv2d_d1_s1_3x3 12x16xf64,7940,,3078,,,7940
conv2d_d1_s1_3x3 12x4xf64,1882,,668,,,1882
conv2d_d1_s1_3x3 12x8xf64,4006,,1971,,,4006
conv2d_d1_s1_3x3 16x12xf64,7940,,3342,,,7940
conv2d_d1_s1_3x3 16x16xf64,10564,,4076,,,10564
conv2d_d1_s1_3x3 16x4xf64,2491,,852,,,2491
conv2d_d1_s1_3x3 16x8xf64,5318,,2603,,,5318
conv2d_d1_s1_3x3 4x12xf64,2019,,891,,,2019
conv2d_d1_s1_3x3 4x16xf64,2671,,1075,,,2671
conv2d_d1_s1_3x3 4x4xf64,667,,308,,,667
conv2d_d1_s1_3x3 4x8xf64,1266,,707,,,1266
conv2d_d1_s1_3x3 8x12xf64,4006,,1707,,,4006
conv2d_d1_s1_3x3 8x16xf64,5318,,2075,,,5318
conv2d_d1_s1_3x3 8x4xf64,1275,,484,,,1275
conv2d_d1_s1_3x3 8x8xf64,2694,,1339,,,2694
ddot 128xf64,956,965,,213,577,956
dense 8x8xf64,3206,3530,,2741,2723,3206
fill 12x12xf64,210,,209,,,210
fill 12x16xf64,288,,257,,,288
fill 12x4xf64,106,,113,,,106
fill 12x8xf64,188,,161,,,188
fill 16x12xf64,270,,257,,,270
fill 16x16xf64,349,,304,,,349
fill 16x4xf64,130,,129,,,130
fill 16x8xf64,232,,193,,,232
fill 4x12xf64,106,,113,,,106
fill 4x16xf64,130,,129,,,130
fill 4x4xf64,50,,63,,,50
fill 4x8xf64,74,,97,,,74
fill 8x12xf64,178,,161,,,178
fill 8x16xf64,235,,193,,,235
fill 8x4xf64,74,,97,,,74
fill 8x8xf64,130,,129,,,130
matmul 1x400x25xf64,,,10164,,,
matmul 4x12x12xf64,2761,,812,,,2761
matmul 4x12x16xf64,3640,,1044,,,3640
matmul 4x12x20xf64,4520,,1280,,,4520
matmul 4x12x24xf64,5408,,1512,,,5408
matmul 4x12x28xf64,6288,,1744,,,6288
matmul 4x12x32xf64,7168,,1976,,,7168
matmul 4x12x36xf64,8048,,2208,,,8048
matmul 4x12x40xf64,8928,,2440,,,8928
matmul 4x12x44xf64,9809,,2672,,,9809
matmul 4x12x48xf64,10689,,2904,,,10689
matmul 4x12x4xf64,1089,,345,,,1089
matmul 4x12x52xf64,11569,,3136,,,11569
matmul 4x12x56xf64,12449,,3368,,,12449
matmul 4x12x60xf64,13333,,3600,,,13333
matmul 4x12x64xf64,14209,,3832,,,14209
matmul 4x12x8xf64,1880,,580,,,1880
matmul 4x16x12xf64,3643,,1008,,,3643
matmul 4x16x16xf64,4786,,1295,,,4786
matmul 4x16x20xf64,5938,,1600,,,5938
matmul 4x16x24xf64,7104,,1896,,,7104
matmul 4x16x28xf64,8248,,2192,,,8248
matmul 4x16x32xf64,9403,,2488,,,9403
matmul 4x16x36xf64,10555,,2784,,,10555
matmul 4x16x40xf64,11731,,3080,,,11731
matmul 4x16x44xf64,12882,,3376,,,12882
matmul 4x16x48xf64,14043,,3672,,,14043
matmul 4x16x4xf64,1393,,409,,,1393
matmul 4x16x52xf64,15173,,3968,,,15173
matmul 4x16x56xf64,16325,,4264,,,16325
matmul 4x16x60xf64,17477,,4560,,,17477
matmul 4x16x64xf64,18631,,4856,,,18631
matmul 4x16x8xf64,2495,,708,,,2495
matmul 4x20x12xf64,4441,,1200,,,4441
matmul 4x20x16xf64,5873,,1560,,,5873
matmul 4x20x20xf64,7309,,1920,,,7309
matmul 4x20x24xf64,8713,,2280,,,8713
matmul 4x20x28xf64,10149,,2640,,,10149
matmul 4x20x32xf64,11574,,3000,,,11574
matmul 4x20x36xf64,13010,,3360,,,13010
matmul 4x20x40xf64,14413,,3720,,,14413
matmul 4x20x44xf64,15855,,4080,,,15855
matmul 4x20x48xf64,17279,,4440,,,17279
matmul 4x20x4xf64,1722,,473,,,1722
matmul 4x20x52xf64,18710,,4800,,,18710
matmul 4x20x56xf64,20134,,5160,,,20134
matmul 4x20x60xf64,21557,,5520,,,21557
matmul 4x20x64xf64,22981,,5880,,,22981
matmul 4x20x8xf64,3019,,836,,,3019
matmul 4x24x12xf64,5307,,1392,,,5307
matmul 4x24x16xf64,7003,,1816,,,7003
matmul 4x24x20xf64,8699,,2240,,,8699
matmul 4x24x24xf64,10398,,2664,,,10398
matmul 4x24x28xf64,12090,,3088,,,12090
matmul 4x24x32xf64,13788,,3512,,,13788
matmul 4x24x36xf64,15498,,3936,,,15498
matmul 4x24x40xf64,17181,,4360,,,17181
matmul 4x24x44xf64,18892,,4784,,,18892
matmul 4x24x48xf64,20588,,5208,,,20588
matmul 4x24x4xf64,1920,,537,,,1920
matmul 4x24x52xf64,22297,,5632,,,22297
matmul 4x24x56xf64,23994,,6056,,,23994
matmul 4x24x60xf64,25682,,6480,,,25682
matmul 4x24x64xf64,27391,,6904,,,27391
matmul 4x24x8xf64,3603,,968,,,3603
matmul 4x28x12xf64,6229,,1584,,,6229
matmul 4x28x16xf64,8230,,2072,,,8230
matmul 4x28x20xf64,10243,,2560,,,10243
matmul 4x28x24xf64,12243,,3048,,,12243
matmul 4x28x28xf64,14243,,3536,,,14243
matmul 4x28x32xf64,16251,,4024,,,16251
matmul 4x28x36xf64,18244,,4512,,,18244
matmul 4x28x40xf64,20248,,5000,,,20248
matmul 4x28x44xf64,22258,,5488,,,22258
matmul 4x28x48xf64,24268,,5976,,,24268
matmul 4x28x4xf64,2231,,601,,,2231
matmul 4x28x52xf64,26278,,6464,,,26278
matmul 4x28x56xf64,28278,,6952,,,28278
matmul 4x28x60xf64,30274,,7440,,,30274
matmul 4x28x64xf64,32290,,7928,,,32290
matmul 4x28x8xf64,4230,,1096,,,4230
matmul 4x32x12xf64,11074,,1776,,,11074
matmul 4x32x16xf64,14887,,2328,,,14887
matmul 4x32x20xf64,17053,,2880,,,17053
matmul 4x32x24xf64,20403,,3432,,,20403
matmul 4x32x28xf64,23777,,3984,,,23777
matmul 4x32x32xf64,27149,,4536,,,27149
matmul 4x32x36xf64,30501,,5088,,,30501
matmul 4x32x40xf64,33885,,5640,,,33885
matmul 4x32x44xf64,37272,,6192,,,37272
matmul 4x32x48xf64,40636,,6744,,,40636
matmul 4x32x4xf64,3242,,667,,,3242
matmul 4x32x52xf64,44013,,7296,,,44013
matmul 4x32x56xf64,47377,,7848,,,47377
matmul 4x32x60xf64,50753,,8400,,,50753
matmul 4x32x64xf64,54128,,8952,,,54128
matmul 4x32x8xf64,7374,,1215,,,7374
matmul 4x36x12xf64,12609,,1968,,,12609
matmul 4x36x16xf64,16870,,2584,,,16870
matmul 4x36x20xf64,21048,,3200,,,21048
matmul 4x36x24xf64,25216,,3816,,,25216
matmul 4x36x28xf64,29392,,4432,,,29392
matmul 4x36x32xf64,33576,,5048,,,33576
matmul 4x36x36xf64,37744,,5665,,,37744
matmul 4x36x40xf64,41920,,6280,,,41920
matmul 4x36x44xf64,46096,,6896,,,46096
matmul 4x36x48xf64,50280,,7512,,,50280
matmul 4x36x4xf64,4276,,731,,,4276
matmul 4x36x52xf64,54448,,8128,,,54448
matmul 4x36x56xf64,58624,,8744,,,58624
matmul 4x36x60xf64,62808,,9360,,,62808
matmul 4x36x64xf64,66976,,9976,,,66976
matmul 4x36x8xf64,8480,,1352,,,8480
matmul 4x40x12xf64,13953,,2160,,,13953
matmul 4x40x16xf64,18661,,2840,,,18661
matmul 4x40x20xf64,23280,,3522,,,23280
matmul 4x40x24xf64,27904,,4200,,,27904
matmul 4x40x28xf64,32536,,4880,,,32536
matmul 4x40x32xf64,37152,,5560,,,37152
matmul 4x40x36xf64,41776,,6240,,,41776
matmul 4x40x40xf64,46400,,6920,,,46400
matmul 4x40x44xf64,51032,,7600,,,51032
matmul 4x40x48xf64,55648,,8280,,,55648
matmul 4x40x4xf64,4785,,795,,,4785
matmul 4x40x52xf64,60272,,8966,,,60272
matmul 4x40x56xf64,64904,,9640,,,64904
matmul 4x40x60xf64,69520,,10320,,,69520
matmul 4x40x64xf64,74144,,11000,,,74144
matmul 4x40x8xf64,9376,,1480,,,9376
matmul 4x44x12xf64,15297,,2352,,,15297
matmul 4x44x16xf64,20453,,3096,,,20453
matmul 4x44x20xf64,25520,,3840,,,25520
matmul 4x44x24xf64,30592,,4584,,,30592
matmul 4x44x28xf64,35672,,5328,,,35672
matmul 4x44x32xf64,40736,,6072,,,40736
matmul 4x44x36xf64,45808,,6816,,,45808
matmul 4x44x40xf64,50888,,7560,,,50888
matmul 4x44x44xf64,55952,,8304,,,55952
matmul 4x44x48xf64,61024,,9048,,,61024
matmul 4x44x4xf64,5233,,859,,,5233
matmul 4x44x52xf64,66104,,9792,,,66104
matmul 4x44x56xf64,71168,,10536,,,71168
matmul 4x44x60xf64,76248,,11280,,,76248
matmul 4x44x64xf64,81312,,12024,,,81312
matmul 4x44x8xf64,10262,,1608,,,10262
matmul 4x48x12xf64,16633,,2544,,,16633
matmul 4x48x16xf64,22246,,3352,,,22246
matmul 4x48x20xf64,27760,,4160,,,27760
matmul 4x48x24xf64,33288,,4968,,,33288
matmul 4x48x28xf64,38800,,5776,,,38800
matmul 4x48x32xf64,44320,,6584,,,44320
matmul 4x48x36xf64,49848,,7392,,,49848
matmul 4x48x40xf64,55360,,8200,,,55360
matmul 4x48x44xf64,60888,,9008,,,60888
matmul 4x48x48xf64,66400,,9816,,,66400
matmul 4x48x4xf64,5681,,923,,,5681
matmul 4x48x52xf64,71920,,10624,,,71920
matmul 4x48x56xf64,77448,,11432,,,77448
matmul 4x48x60xf64,82960,,12240,,,82960
matmul 4x48x64xf64,88480,,13048,,,88480
matmul 4x48x8xf64,11158,,1736,,,11158
matmul 4x4x12xf64,1049,,428,,,1049
matmul 4x4x16xf64,1413,,532,,,1413
matmul 4x4x20xf64,1749,,636,,,1749
matmul 4x4x24xf64,2085,,740,,,2085
matmul 4x4x28xf64,2421,,844,,,2421
matmul 4x4x32xf64,2757,,948,,,2757
matmul 4x4x36xf64,3093,,1052,,,3093
matmul 4x4x40xf64,3429,,1156,,,3429
matmul 4x4x44xf64,3765,,1260,,,3765
matmul 4x4x48xf64,4101,,1364,,,4101
matmul 4x4x4xf64,371,,217,,,371
matmul 4x4x52xf64,4437,,1468,,,4437
matmul 4x4x56xf64,4773,,1572,,,4773
matmul 4x4x60xf64,5112,,1680,,,5112
matmul 4x4x64xf64,5450,,1784,,,5450
matmul 4x4x8xf64,463,,324,,,463
matmul 4x52x12xf64,17977,,2736,,,17977
matmul 4x52x16xf64,24038,,3608,,,24038
matmul 4x52x20xf64,30000,,4480,,,30000
matmul 4x52x24xf64,35976,,5352,,,35976
matmul 4x52x28xf64,41936,,6224,,,41936
matmul 4x52x32xf64,47912,,7096,,,47912
matmul 4x52x36xf64,53872,,7968,,,53872
matmul 4x52x40xf64,59840,,8840,,,59840
matmul 4x52x44xf64,65816,,9712,,,65816
matmul 4x52x48xf64,71776,,10584,,,71776
matmul 4x52x4xf64,6129,,987,,,6129
matmul 4x52x52xf64,77752,,11456,,,77752
matmul 4x52x56xf64,83712,,12328,,,83712
matmul 4x52x60xf64,89688,,13200,,,89688
matmul 4x52x64xf64,95648,,14072,,,95648
matmul 4x52x8xf64,12054,,1864,,,12054
matmul 4x56x12xf64,19321,,2928,,,19321
matmul 4x56x16xf64,25830,,3864,,,25830
matmul 4x56x20xf64,32248,,4800,,,32248
matmul 4x56x24xf64,38656,,5736,,,38656
matmul 4x56x28xf64,45080,,6672,,,45080
matmul 4x56x32xf64,51488,,7608,,,51488
matmul 4x56x36xf64,57904,,8544,,,57904
matmul 4x56x40xf64,64328,,9480,,,64328
matmul 4x56x44xf64,70736,,10416,,,70736
matmul 4x56x48xf64,77160,,11352,,,77160
matmul 4x56x4xf64,6577,,1051,,,6577
matmul 4x56x52xf64,83568,,12288,,,83568
matmul 4x56x56xf64,89992,,13224,,,89992
matmul 4x56x60xf64,96400,,14160,,,96400
matmul 4x56x64xf64,102816,,15096,,,102816
matmul 4x56x8xf64,12950,,1992,,,12950
matmul 4x60x12xf64,20665,,3120,,,20665
matmul 4x60x16xf64,27622,,4120,,,27622
matmul 4x60x20xf64,34488,,5120,,,34488
matmul 4x60x24xf64,41344,,6120,,,41344
matmul 4x60x28xf64,48216,,7120,,,48216
matmul 4x60x32xf64,55072,,8120,,,55072
matmul 4x60x36xf64,61944,,9120,,,61944
matmul 4x60x40xf64,68800,,10120,,,68800
matmul 4x60x44xf64,75672,,11120,,,75672
matmul 4x60x48xf64,82528,,12120,,,82528
matmul 4x60x4xf64,7025,,1115,,,7025
matmul 4x60x52xf64,89400,,13120,,,89400
matmul 4x60x56xf64,96256,,14120,,,96256
matmul 4x60x60xf64,103128,,15120,,,103128
matmul 4x60x64xf64,109984,,16120,,,109984
matmul 4x60x8xf64,13846,,2120,,,13846
matmul 4x64x12xf64,22009,,3312,,,22009
matmul 4x64x16xf64,29422,,4384,,,29422
matmul 4x64x20xf64,36728,,5440,,,36728
matmul 4x64x24xf64,44027,,6512,,,44027
matmul 4x64x28xf64,51352,,7568,,,51352
matmul 4x64x32xf64,58651,,8640,,,58651
matmul 4x64x36xf64,65976,,9696,,,65976
matmul 4x64x40xf64,73275,,10768,,,73275
matmul 4x64x44xf64,80600,,11824,,,80600
matmul 4x64x48xf64,87899,,12896,,,87899
matmul 4x64x4xf64,7488,,1163,,,7488
matmul 4x64x52xf64,95224,,13952,,,95224
matmul 4x64x56xf64,102523,,15024,,,102523
matmul 4x64x60xf64,109848,,16080,,,109848
matmul 4x64x64xf64,117147,,17152,,,117147
matmul 4x64x8xf64,14750,,2256,,,14750
matmul 4x8x12xf64,1918,,620,,,1918
matmul 4x8x16xf64,2526,,788,,,2526
matmul 4x8x20xf64,3134,,958,,,3134
matmul 4x8x24xf64,3742,,1124,,,3742
matmul 4x8x28xf64,4354,,1296,,,4354
matmul 4x8x32xf64,4953,,1455,,,4953
matmul 4x8x36xf64,5561,,1631,,,5561
matmul 4x8x40xf64,6169,,1800,,,6169
matmul 4x8x44xf64,6777,,1968,,,6777
matmul 4x8x48xf64,7385,,2136,,,7385
matmul 4x8x4xf64,738,,281,,,738
matmul 4x8x52xf64,7988,,2310,,,7988
matmul 4x8x56xf64,8596,,2472,,,8596
matmul 4x8x60xf64,9204,,2640,,,9204
matmul 4x8x64xf64,9823,,2808,,,9823
matmul 4x8x8xf64,1280,,452,,,1280
matmul 8x12x12xf64,5449,,1508,,,5449
matmul 8x12x16xf64,7208,,1976,,,7208
matmul 8x12x20xf64,8968,,2440,,,8968
matmul 8x12x24xf64,10736,,2904,,,10736
matmul 8x12x28xf64,12496,,3368,,,12496
matmul 8x12x32xf64,14256,,3832,,,14256
matmul 8x12x36xf64,16016,,4296,,,16016
matmul 8x12x40xf64,17768,,4760,,,17768
matmul 8x12x44xf64,19537,,5224,,,19537
matmul 8x12x48xf64,21297,,5688,,,21297
matmul 8x12x4xf64,1984,,566,,,1984
matmul 8x12x52xf64,23057,,6152,,,23057
matmul 8x12x56xf64,24817,,6616,,,24817
matmul 8x12x60xf64,26577,,7080,,,26577
matmul 8x12x64xf64,28337,,7544,,,28337
matmul 8x12x8xf64,3688,,1044,,,3688
matmul 8x16x12xf64,7163,,1896,,,7163
matmul 8x16x16xf64,9458,,2479,,,9458
matmul 8x16x20xf64,11762,,3080,,,11762
matmul 8x16x24xf64,14080,,3672,,,14080
matmul 8x16x28xf64,16392,,4264,,,16392
matmul 8x16x32xf64,18683,,4856,,,18683
matmul 8x16x36xf64,20987,,5448,,,20987
matmul 8x16x40xf64,23331,,6040,,,23331
matmul 8x16x44xf64,25647,,6632,,,25647
matmul 8x16x48xf64,27951,,7224,,,27951
matmul 8x16x4xf64,2532,,694,,,2532
matmul 8x16x52xf64,30213,,7816,,,30213
matmul 8x16x56xf64,32517,,8408,,,32517
matmul 8x16x60xf64,34821,,9000,,,34821
matmul 8x16x64xf64,37116,,9592,,,37116
matmul 8x16x8xf64,4863,,1300,,,4863
matmul 8x20x12xf64,8793,,2280,,,8793
matmul 8x20x16xf64,11649,,3000,,,11649
matmul 8x20x20xf64,14499,,3720,,,14499
matmul 8x20x24xf64,17337,,4440,,,17337
matmul 8x20x28xf64,20197,,5160,,,20197
matmul 8x20x32xf64,23046,,5880,,,23046
matmul 8x20x36xf64,25895,,6600,,,25895
matmul 8x20x40xf64,28733,,7320,,,28733
matmul 8x20x44xf64,31599,,8040,,,31599
matmul 8x20x48xf64,34447,,8760,,,34447
matmul 8x20x4xf64,3130,,822,,,3130
matmul 8x20x52xf64,37302,,9480,,,37302
matmul 8x20x56xf64,40149,,10200,,,40149
matmul 8x20x60xf64,42997,,10920,,,42997
matmul 8x20x64xf64,45853,,11640,,,45853
matmul 8x20x8xf64,5947,,1556,,,5947
matmul 8x24x12xf64,10491,,2664,,,10491
matmul 8x24x16xf64,13883,,3512,,,13883
matmul 8x24x20xf64,17275,,4360,,,17275
matmul 8x24x24xf64,20678,,5208,,,20678
matmul 8x24x28xf64,24058,,6056,,,24058
matmul 8x24x32xf64,27452,,6904,,,27452
matmul 8x24x36xf64,30858,,7752,,,30858
matmul 8x24x40xf64,34237,,8600,,,34237
matmul 8x24x44xf64,37644,,9448,,,37644
matmul 8x24x48xf64,41047,,10296,,,41047
matmul 8x24x4xf64,3699,,950,,,3699
matmul 8x24x52xf64,44441,,11144,,,44441
matmul 8x24x56xf64,47826,,11992,,,47826
matmul 8x24x60xf64,51226,,12840,,,51226
matmul 8x24x64xf64,54623,,13688,,,54623
matmul 8x24x8xf64,7091,,1812,,,7091
matmul 8x28x12xf64,12350,,3048,,,12350
matmul 8x28x16xf64,16350,,4024,,,16350
matmul 8x28x20xf64,20363,,5000,,,20363
matmul 8x28x24xf64,24363,,5976,,,24363
matmul 8x28x28xf64,28363,,6952,,,28363
matmul 8x28x32xf64,32371,,7928,,,32371
matmul 8x28x36xf64,36364,,8904,,,36364
matmul 8x28x40xf64,40368,,9880,,,40368
matmul 8x28x44xf64,44378,,10856,,,44378
matmul 8x28x48xf64,48388,,11832,,,48388
matmul 8x28x4xf64,4350,,1078,,,4350
matmul 8x28x52xf64,52398,,12808,,,52398
matmul 8x28x56xf64,56398,,13784,,,56398
matmul 8x28x60xf64,60394,,14760,,,60394
matmul 8x28x64xf64,64410,,15736,,,64410
matmul 8x28x8xf64,8352,,2068,,,8352
matmul 8x32x12xf64,21768,,3432,,,21768
matmul 8x32x16xf64,29335,,4544,,,29335
matmul 8x32x20xf64,35777,,5648,,,35777
matmul 8x32x24xf64,42875,,6744,,,42875
matmul 8x32x28xf64,49977,,7856,,,49977
matmul 8x32x32xf64,57089,,8960,,,57089
matmul 8x32x36xf64,64164,,10064,,,64164
matmul 8x32x40xf64,71299,,11160,,,71299
matmul 8x32x44xf64,78472,,12264,,,78472
matmul 8x32x48xf64,85572,,13368,,,85572
matmul 8x32x4xf64,7025,,1218,,,7025
matmul 8x32x52xf64,92743,,14480,,,92743
matmul 8x32x56xf64,99839,,15576,,,99839
matmul 8x32x60xf64,106939,,16680,,,106939
matmul 8x32x64xf64,114154,,17784,,,114154
matmul 8x32x8xf64,14469,,2334,,,14469
matmul 8x36x12xf64,24977,,3816,,,24977
matmul 8x36x16xf64,33446,,5056,,,33446
matmul 8x36x20xf64,42019,,6288,,,42019
matmul 8x36x24xf64,50371,,7520,,,50371
matmul 8x36x28xf64,58724,,8763,,,58724
matmul 8x36x32xf64,67075,,9984,,,67075
matmul 8x36x36xf64,75427,,11217,,,75427
matmul 8x36x40xf64,83824,,12440,,,83824
matmul 8x36x44xf64,92217,,13680,,,92217
matmul 8x36x48xf64,100577,,14912,,,100577
matmul 8x36x4xf64,8392,,1346,,,8392
matmul 8x36x52xf64,108979,,16136,,,108979
matmul 8x36x56xf64,117343,,17376,,,117343
matmul 8x36x60xf64,125707,,18608,,,125707
matmul 8x36x64xf64,134134,,19832,,,134134
matmul 8x36x8xf64,16762,,2584,,,16762
matmul 8x40x12xf64,27665,,4208,,,27665
matmul 8x40x16xf64,37030,,5568,,,37030
matmul 8x40x20xf64,46505,,6932,,,46505
matmul 8x40x24xf64,55745,,8299,,,55745
matmul 8x40x28xf64,64993,,9659,,,64993
matmul 8x40x32xf64,74250,,11000,,,74250
matmul 8x40x36xf64,83498,,12360,,,83498
matmul 8x40x40xf64,92777,,13739,,,92777
matmul 8x40x44xf64,102075,,15088,,,102075
matmul 8x40x48xf64,111331,,16440,,,111331
matmul 8x40x4xf64,9288,,1474,,,9288
matmul 8x40x52xf64,120628,,17820,,,120628
matmul 8x40x56xf64,129888,,19160,,,129888
matmul 8x40x60xf64,139148,,20520,,,139148
matmul 8x40x64xf64,148475,,21880,,,148475
matmul 8x40x8xf64,18554,,2840,,,18554
matmul 8x44x12xf64,30353,,4592,,,30353
matmul 8x44x16xf64,40614,,6080,,,40614
matmul 8x44x20xf64,50985,,7568,,,50985
matmul 8x44x24xf64,61121,,9067,,,61121
matmul 8x44x28xf64,71265,,10555,,,71265
matmul 8x44x32xf64,81418,,12024,,,81418
matmul 8x44x36xf64,91561,,13520,,,91561
matmul 8x44x40xf64,101737,,15008,,,101737
matmul 8x44x44xf64,111931,,16496,,,111931
matmul 8x44x48xf64,122083,,17984,,,122083
matmul 8x44x4xf64,10191,,1588,,,10191
matmul 8x44x52xf64,132276,,19472,,,132276
matmul 8x44x56xf64,142432,,20960,,,142432
matmul 8x44x60xf64,152588,,22448,,,152588
matmul 8x44x64xf64,162811,,23928,,,162811
matmul 8x44x8xf64,20346,,3096,,,20346
matmul 8x48x12xf64,33041,,4976,,,33041
matmul 8x48x16xf64,44198,,6592,,,44198
matmul 8x48x20xf64,55457,,8219,,,55457
matmul 8x48x24xf64,66502,,9824,,,66502
matmul 8x48x28xf64,77545,,11440,,,77545
matmul 8x48x32xf64,88586,,13048,,,88586
matmul 8x48x36xf64,99625,,14672,,,99625
matmul 8x48x40xf64,110697,,16288,,,110697
matmul 8x48x44xf64,121787,,17904,,,121787
matmul 8x48x48xf64,132835,,19520,,,132835
matmul 8x48x4xf64,11087,,1716,,,11087
matmul 8x48x52xf64,143924,,21136,,,143924
matmul 8x48x56xf64,154976,,22744,,,154976
matmul 8x48x60xf64,166028,,24360,,,166028
matmul 8x48x64xf64,177147,,25976,,,177147
matmul 8x48x8xf64,22138,,3352,,,22138
matmul 8x4x12xf64,1948,,740,,,1948
matmul 8x4x16xf64,2789,,948,,,2789
matmul 8x4x20xf64,3461,,1156,,,3461
matmul 8x4x24xf64,4133,,1364,,,4133
matmul 8x4x28xf64,4805,,1572,,,4805
matmul 8x4x32xf64,5469,,1775,,,5469
matmul 8x4x36xf64,6149,,1988,,,6149
matmul 8x4x40xf64,6821,,2196,,,6821
matmul 8x4x44xf64,7493,,2404,,,7493
matmul 8x4x48xf64,8165,,2612,,,8165
matmul 8x4x4xf64,657,,310,,,657
matmul 8x4x52xf64,8837,,2820,,,8837
matmul 8x4x56xf64,9507,,3032,,,9507
matmul 8x4x60xf64,10179,,3240,,,10179
matmul 8x4x64xf64,10851,,3448,,,10851
matmul 8x4x8xf64,1333,,532,,,1333
matmul 8x52x12xf64,35729,,5360,,,35729
matmul 8x52x16xf64,47782,,7104,,,47782
matmul 8x52x20xf64,59930,,8859,,,59930
matmul 8x52x24xf64,71866,,10603,,,71866
matmul 8x52x28xf64,83802,,12347,,,83802
matmul 8x52x32xf64,95738,,14080,,,95738
matmul 8x52x36xf64,107682,,15816,,,107682
matmul 8x52x40xf64,119650,,17568,,,119650
matmul 8x52x44xf64,131634,,19312,,,131634
matmul 8x52x48xf64,143578,,21056,,,143578
matmul 8x52x4xf64,11983,,1844,,,11983
matmul 8x52x52xf64,155582,,22811,,,155582
matmul 8x52x56xf64,167535,,24544,,,167535
matmul 8x52x60xf64,179483,,26288,,,179483
matmul 8x52x64xf64,191481,,28024,,,191481
matmul 8x52x8xf64,23930,,3608,,,23930
matmul 8x56x12xf64,38417,,5744,,,38417
matmul 8x56x16xf64,51360,,7627,,,51360
matmul 8x56x20xf64,64410,,9499,,,64410
matmul 8x56x24xf64,77242,,11371,,,77242
matmul 8x56x28xf64,90074,,13243,,,90074
matmul 8x56x32xf64,102914,,15096,,,102914
matmul 8x56x36xf64,115738,,16976,,,115738
matmul 8x56x40xf64,128610,,18848,,,128610
matmul 8x56x44xf64,141490,,20720,,,141490
matmul 8x56x48xf64,154330,,22592,,,154330
matmul 8x56x4xf64,12879,,1972,,,12879
matmul 8x56x52xf64,167235,,24464,,,167235
matmul 8x56x56xf64,180079,,26336,,,180079
matmul 8x56x60xf64,192911,,28200,,,192911
matmul 8x56x64xf64,205817,,30072,,,205817
matmul 8x56x8xf64,25722,,3864,,,25722
matmul 8x60x12xf64,41105,,6128,,,41105
matmul 8x60x16xf64,54944,,8139,,,54944
matmul 8x60x20xf64,68890,,10139,,,68890
matmul 8x60x24xf64,82618,,12139,,,82618
matmul 8x60x28xf64,96346,,14139,,,96346
matmul 8x60x32xf64,110074,,16128,,,110074
matmul 8x60x36xf64,123802,,18128,,,123802
matmul 8x60x40xf64,137570,,20128,,,137570
matmul 8x60x44xf64,151346,,22128,,,151346
matmul 8x60x48xf64,165082,,24128,,,165082
matmul 8x60x4xf64,13775,,2100,,,13775
matmul 8x60x52xf64,178883,,26128,,,178883
matmul 8x60x56xf64,192623,,28128,,,192623
matmul 8x60x60xf64,206358,,30139,,,206358
matmul 8x60x64xf64,220153,,32120,,,220153
matmul 8x60x8xf64,27514,,4120,,,27514
matmul 8x64x12xf64,43793,,6512,,,43793
matmul 8x64x16xf64,58526,,8632,,,58526
matmul 8x64x20xf64,73370,,10768,,,73370
matmul 8x64x24xf64,88003,,12888,,,88003
matmul 8x64x28xf64,102618,,15024,,,102618
matmul 8x64x32xf64,117260,,17144,,,117260
matmul 8x64x36xf64,131874,,19272,,,131874
matmul 8x64x40xf64,146540,,21400,,,146540
matmul 8x64x44xf64,161202,,23528,,,161202
matmul 8x64x48xf64,175842,,25656,,,175842
matmul 8x64x4xf64,14671,,2228,,,14671
matmul 8x64x52xf64,190519,,27784,,,190519
matmul 8x64x56xf64,205155,,29912,,,205155
matmul 8x64x60xf64,219791,,32040,,,219791
matmul 8x64x64xf64,234491,,34168,,,234491
matmul 8x64x8xf64,29306,,4376,,,29306
matmul 8x8x12xf64,3792,,1124,,,3792
matmul 8x8x16xf64,5008,,1460,,,5008
matmul 8x8x20xf64,6224,,1800,,,6224
matmul 8x8x24xf64,7440,,2136,,,7440
matmul 8x8x28xf64,8656,,2472,,,8656
matmul 8x8x32xf64,9872,,2808,,,9872
matmul 8x8x36xf64,11088,,3151,,,11088
matmul 8x8x40xf64,12304,,3479,,,12304
matmul 8x8x44xf64,13520,,3815,,,13520
matmul 8x8x48xf64,14736,,4151,,,14736
matmul 8x8x4xf64,1337,,438,,,1337
matmul 8x8x52xf64,15952,,4499,,,15952
matmul 8x8x56xf64,17168,,4832,,,17168
matmul 8x8x60xf64,18371,,5160,,,18371
matmul 8x8x64xf64,19606,,5496,,,19606
matmul 8x8x8xf64,2517,,788,,,2517
pooling_nchw_max_d1_s2_3x3 12x12xf64,3953,,2307,,,3953
pooling_nchw_max_d1_s2_3x3 12x16xf64,5237,,2835,,,5237
pooling_nchw_max_d1_s2_3x3 12x4xf64,1149,,620,,,1149
pooling_nchw_max_d1_s2_3x3 12x8xf64,2658,,1768,,,2658
pooling_nchw_max_d1_s2_3x3 16x12xf64,5237,,3051,,,5237
pooling_nchw_max_d1_s2_3x3 16x16xf64,6977,,3755,,,6977
pooling_nchw_max_d1_s2_3x3 16x4xf64,1509,,796,,,1509
pooling_nchw_max_d1_s2_3x3 16x8xf64,3509,,2347,,,3509
pooling_nchw_max_d1_s2_3x3 4x12xf64,1336,,808,,,1336
pooling_nchw_max_d1_s2_3x3 4x16xf64,1771,,984,,,1771
pooling_nchw_max_d1_s2_3x3 4x4xf64,442,,275,,,442
pooling_nchw_max_d1_s2_3x3 4x8xf64,969,,638,,,969
pooling_nchw_max_d1_s2_3x3 8x12xf64,2658,,1552,,,2658
pooling_nchw_max_d1_s2_3x3 8x16xf64,3509,,1915,,,3509
pooling_nchw_max_d1_s2_3x3 8x4xf64,789,,450,,,789
pooling_nchw_max_d1_s2_3x3 8x8xf64,1793,,1200,,,1793
pooling_nchw_sum_d1_s2_3x3 12x12xf64,5668,,2361,,,5668
pooling_nchw_sum_d1_s2_3x3 12x16xf64,7553,,2913,,,7553
pooling_nchw_sum_d1_s2_3x3 12x4xf64,1667,,644,,,1667
pooling_nchw_sum_d1_s2_3x3 12x8xf64,3802,,1813,,,3802
pooling_nchw_sum_d1_s2_3x3 16x12xf64,7553,,3129,,,7553
pooling_nchw_sum_d1_s2_3x3 16x16xf64,10036,,3865,,,10036
pooling_nchw_sum_d1_s2_3x3 16x4xf64,2211,,828,,,2211
pooling_nchw_sum_d1_s2_3x3 16x8xf64,5044,,2393,,,5044
pooling_nchw_sum_d1_s2_3x3 4x12xf64,1895,,829,,,1895
pooling_nchw_sum_d1_s2_3x3 4x16xf64,2511,,1013,,,2511
pooling_nchw_sum_d1_s2_3x3 4x4xf64,582,,271,,,582
pooling_nchw_sum_d1_s2_3x3 4x8xf64,1269,,633,,,1269
pooling_nchw_sum_d1_s2_3x3 8x12xf64,3798,,1597,,,3798
pooling_nchw_sum_d1_s2_3x3 8x16xf64,5057,,1961,,,5057
pooling_nchw_sum_d1_s2_3x3 8x4xf64,1137,,446,,,1137
pooling_nchw_sum_d1_s2_3x3 8x8xf64,2554,,1229,,,2554
relu 12x12xf64,636,,194,,,636
relu 12x16xf64,830,,242,,,830
relu 12x4xf64,252,,98,,,252
relu 12x8xf64,436,,146,,,436
relu 16x12xf64,824,,242,,,824
relu 16x16xf64,1079,,331,,,1079
relu 16x4xf64,316,,114,,,316
relu 16x8xf64,560,,178,,,560
relu 4x12xf64,290,,98,,,290
relu 4x16xf64,362,,114,,,362
relu 4x4xf64,142,,72,,,142
relu 4x8xf64,210,,82,,,210
relu 8x12xf64,448,,146,,,448
relu 8x16xf64,578,,178,,,578
relu 8x4xf64,210,,82,,,210
relu 8x8xf64,362,,114,,,362
saxpy 64xf32,634,634,,,140,634
sum 12x12xf64,1354,,207,,,1354
sum 12x16xf64,1786,,255,,,1786
sum 12x4xf64,490,,111,,,490
sum 12x8xf64,922,,159,,,922
sum 16x12xf64,1786,,255,,,1786
sum 16x16xf64,2357,,334,,,2357
sum 16x4xf64,634,,127,,,634
sum 16x8xf64,1210,,191,,,1210
sum 4x12xf16,629,,61,,,629
sum 4x12xf32,490,358,95,,80,358
sum 4x12xf64,490,,111,,,490
sum 4x16xf16,821,,65,,,821
sum 4x16xf32,634,458,103,,88,458
sum 4x16xf64,634,,127,,,634
sum 4x20xf16,1013,,69,,,1013
sum 4x20xf32,778,558,111,,96,558
sum 4x24xf16,1205,,73,,,1205
sum 4x24xf32,922,658,119,,104,658
sum 4x28xf16,1397,,77,,,1397
sum 4x28xf32,1066,758,127,,112,758
sum 4x32xf16,1589,,81,,,1589
sum 4x32xf32,1210,858,135,,120,858
sum 4x36xf16,1781,,85,,,1781
sum 4x36xf32,1354,958,143,,128,958
sum 4x40xf16,1973,,89,,,1973
sum 4x40xf32,1498,1058,151,,136,1058
sum 4x44xf16,2165,,93,,,2165
sum 4x44xf32,1642,1158,159,,144,1158
sum 4x48xf16,2357,,97,,,2357
sum 4x48xf32,1786,1258,167,,152,1258
sum 4x4xf16,201,,59,,,201
sum 4x4xf32,129,162,90,,74,129
sum 4x4xf64,129,,87,,,129
sum 4x52xf16,2549,,101,,,2549
sum 4x52xf32,1930,1358,175,,160,1358
sum 4x56xf16,2741,,105,,,2741
sum 4x56xf32,2074,1458,183,,168,1458
sum 4x60xf16,2933,,109,,,2933
sum 4x60xf32,2218,1558,191,,176,1558
sum 4x64xf16,3125,,113,,,3125
sum 4x64xf32,2362,1658,199,,184,1658
sum 4x8xf16,437,,57,,,437
sum 4x8xf32,238,247,87,,72,238
sum 4x8xf64,239,,95,,,239
sum 8x12xf16,1205,,73,,,1205
sum 8x12xf32,922,627,119,,104,627
sum 8x12xf64,922,,159,,,922
sum 8x16xf16,1589,,81,,,1589
sum 8x16xf32,1210,815,135,,120,815
sum 8x16xf64,1210,,191,,,1210
sum 8x20xf16,1973,,89,,,1973
sum 8x20xf32,1498,1003,151,,136,1003
sum 8x24xf16,2357,,97,,,2357
sum 8x24xf32,1786,1191,167,,152,1191
sum 8x28xf16,2741,,105,,,2741
sum 8x28xf32,2074,1379,183,,168,1379
sum 8x32xf16,3125,,113,,,3125
sum 8x32xf32,2362,1567,199,,184,1567
sum 8x36xf16,3509,,121,,,3509
sum 8x36xf32,2650,1755,215,,200,1755
sum 8x40xf16,3893,,129,,,3893
sum 8x40xf32,2938,1943,231,,216,1943
sum 8x44xf16,4277,,137,,,4277
sum 8x44xf32,3226,2131,247,,232,2131
sum 8x48xf16,4661,,145,,,4661
sum 8x48xf32,3514,2319,263,,248,2319
sum 8x4xf16,437,,57,,,437
sum 8x4xf32,238,247,87,,72,238
sum 8x4xf64,239,,95,,,239
sum 8x52xf16,5045,,153,,,5045
sum 8x52xf32,3802,2507,279,,264,2507
sum 8x56xf16,5429,,161,,,5429
sum 8x56xf32,4090,2695,295,,280,2695
sum 8x60xf16,5813,,169,,,5813
sum 8x60xf32,4378,2883,311,,296,2883
sum 8x64xf16,6197,,177,,,6197
sum 8x64xf32,4661,3071,329,,312,3071
sum 8x8xf16,821,,65,,,821
sum 8x8xf32,634,439,103,,88,439
sum 8x8xf64,634,,127,,,634
